"mean_auc","sd_auc"
0.591006036818098,0.0677670708099666
